mean_fit_time,std_fit_time,mean_score_time,std_score_time,param_learning_rate,param_max_depth,param_min_samples_leaf,param_min_samples_split,param_n_estimators,params,split0_test_score,split1_test_score,split2_test_score,split3_test_score,split4_test_score,mean_test_score,std_test_score,rank_test_score
0.0768655776977539,0.002894773921234657,0.0029994487762451173,0.00014217318687494572,0.001,3,4,2,50,"{'learning_rate': 0.001, 'max_depth': 3, 'min_samples_leaf': 4, 'min_samples_split': 2, 'n_estimators': 50}",-124.47002449635926,-88.78605220269246,-141.76792777677386,-119.86969480395467,-121.74672615555191,-119.32808508706641,17.14027432243386,107
0.14775004386901855,0.002894726396427755,0.0031137943267822267,0.000488661277301336,0.001,3,4,2,100,"{'learning_rate': 0.001, 'max_depth': 3, 'min_samples_leaf': 4, 'min_samples_split': 2, 'n_estimators': 100}",-121.85944898093621,-87.74205917206855,-140.38132129626254,-118.87620215699285,-119.88147943059202,-117.74810220737045,16.943153809887857,95
0.2761697292327881,0.005560157433887185,0.003141021728515625,0.0003022331660180747,0.001,3,4,2,200,"{'learning_rate': 0.001, 'max_depth': 3, 'min_samples_leaf': 4, 'min_samples_split': 2, 'n_estimators': 200}",-117.25067858711395,-85.77472380436056,-137.2968952986316,-117.22487265872518,-116.98012375549435,-114.90545882086512,16.523680710022795,83
0.07130036354064942,0.0004348551647138696,0.0027174949645996094,0.00020446102332246347,0.001,3,4,4,50,"{'learning_rate': 0.001, 'max_depth': 3, 'min_samples_leaf': 4, 'min_samples_split': 4, 'n_estimators': 50}",-124.47002449635926,-88.78605220269246,-141.76792777677386,-119.86969480395467,-121.74672615555191,-119.32808508706641,17.14027432243386,107
0.13622326850891114,0.0018116188402246486,0.0027265071868896483,0.0002211988112794841,0.001,3,4,4,100,"{'learning_rate': 0.001, 'max_depth': 3, 'min_samples_leaf': 4, 'min_samples_split': 4, 'n_estimators': 100}",-121.85944898093621,-87.74205917206855,-140.38132129626254,-118.87620215699285,-119.88147943059202,-117.74810220737045,16.943153809887857,95
0.24957094192504883,0.0032676026555693355,0.0027666091918945312,0.0003566128632144876,0.001,3,4,4,200,"{'learning_rate': 0.001, 'max_depth': 3, 'min_samples_leaf': 4, 'min_samples_split': 4, 'n_estimators': 200}",-117.25067858711395,-85.77472380436056,-137.2968952986316,-117.22487265872518,-116.98012375549435,-114.90545882086512,16.523680710022795,83
0.06332631111145019,0.001557055052334444,0.0025864124298095705,8.620305878378154e-05,0.001,3,8,2,50,"{'learning_rate': 0.001, 'max_depth': 3, 'min_samples_leaf': 8, 'min_samples_split': 2, 'n_estimators': 50}",-124.47002449635926,-88.71222451868064,-141.5490523491958,-119.52538094845349,-121.6629244738045,-119.18392135729876,17.105135661608674,105
0.14493923187255858,0.02870033850039969,0.002507781982421875,0.0002127570027338504,0.001,3,8,2,100,"{'learning_rate': 0.001, 'max_depth': 3, 'min_samples_leaf': 8, 'min_samples_split': 2, 'n_estimators': 100}",-121.85944898093621,-87.59988415886379,-139.99599672439666,-118.23915922274166,-119.62842887119301,-117.46458359162625,16.87697772446949,93
0.3486649036407471,0.010509433905849875,0.004004955291748047,0.0008981387430874509,0.001,3,8,2,200,"{'learning_rate': 0.001, 'max_depth': 3, 'min_samples_leaf': 8, 'min_samples_split': 2, 'n_estimators': 200}",-117.25067858711395,-85.60984158190094,-137.55153723247236,-116.13724756439672,-116.35079773698641,-114.58002054057405,16.61117015931337,81
0.06993017196655274,0.002788417316076251,0.0026038646697998046,0.00022397785954059057,0.001,3,8,4,50,"{'learning_rate': 0.001, 'max_depth': 3, 'min_samples_leaf': 8, 'min_samples_split': 4, 'n_estimators': 50}",-124.47002449635926,-88.71222451868064,-141.5490523491958,-119.52538094845349,-121.6629244738045,-119.18392135729876,17.105135661608674,105
0.15691914558410644,0.01203955100449788,0.0029456615447998047,0.0008047509109753491,0.001,3,8,4,100,"{'learning_rate': 0.001, 'max_depth': 3, 'min_samples_leaf': 8, 'min_samples_split': 4, 'n_estimators': 100}",-121.85944898093621,-87.59988415886379,-139.99599672439666,-118.23915922274166,-119.62842887119301,-117.46458359162625,16.87697772446949,93
0.30954704284667967,0.01126230688387452,0.0038125038146972655,0.0007989153848041161,0.001,3,8,4,200,"{'learning_rate': 0.001, 'max_depth': 3, 'min_samples_leaf': 8, 'min_samples_split': 4, 'n_estimators': 200}",-117.25067858711395,-85.60984158190094,-137.55153723247236,-116.13724756439672,-116.35079773698641,-114.58002054057405,16.61117015931337,81
0.11292762756347656,0.005824132939915543,0.0035734653472900392,0.0005224349506908593,0.001,5,4,2,50,"{'learning_rate': 0.001, 'max_depth': 5, 'min_samples_leaf': 4, 'min_samples_split': 2, 'n_estimators': 50}",-124.21088438941057,-88.25111849555243,-140.74854256584484,-119.34029595096456,-121.11202486306993,-118.73257325296848,17.028593592332015,101
0.20656185150146483,0.004707423099024388,0.002559518814086914,0.00023318812356781812,0.001,5,4,2,100,"{'learning_rate': 0.001, 'max_depth': 5, 'min_samples_leaf': 4, 'min_samples_split': 2, 'n_estimators': 100}",-121.29704536053796,-86.79514848565356,-138.67117459941966,-117.92778948704546,-118.96654850503086,-116.7315412875375,16.76189260379743,89
0.5001086235046387,0.029591320149909905,0.005261898040771484,0.0024039673235269764,0.001,5,4,2,200,"{'learning_rate': 0.001, 'max_depth': 5, 'min_samples_leaf': 4, 'min_samples_split': 2, 'n_estimators': 200}",-116.38172608993283,-84.47618102658835,-135.30246532757175,-115.77560154428228,-115.39187075598144,-113.46556894887132,16.338821972700522,79
0.1273268699645996,0.015623760192099571,0.0038918972015380858,0.001397604280172969,0.001,5,4,4,50,"{'learning_rate': 0.001, 'max_depth': 5, 'min_samples_leaf': 4, 'min_samples_split': 4, 'n_estimators': 50}",-124.21088438941057,-88.25111849555243,-140.74854256584484,-119.34029595096456,-121.11202486306993,-118.73257325296848,17.028593592332015,101
0.2874490261077881,0.008260597397485197,0.0029214859008789063,0.00027716902138398363,0.001,5,4,4,100,"{'learning_rate': 0.001, 'max_depth': 5, 'min_samples_leaf': 4, 'min_samples_split': 4, 'n_estimators': 100}",-121.29704536053796,-86.79514848565356,-138.67117459941966,-117.92778948704546,-118.96654850503086,-116.7315412875375,16.76189260379743,89
0.4548519134521484,0.028682482453506488,0.003298187255859375,0.0002793127371612967,0.001,5,4,4,200,"{'learning_rate': 0.001, 'max_depth': 5, 'min_samples_leaf': 4, 'min_samples_split': 4, 'n_estimators': 200}",-116.38172608993283,-84.47618102658835,-135.30246532757175,-115.77560154428228,-115.39187075598144,-113.46556894887132,16.338821972700522,79
0.11640267372131348,0.014935439582827609,0.003496074676513672,0.0008441519953768659,0.001,5,8,2,50,"{'learning_rate': 0.001, 'max_depth': 5, 'min_samples_leaf': 8, 'min_samples_split': 2, 'n_estimators': 50}",-124.21973151923906,-88.12710523351313,-141.41088331059396,-118.96576555575939,-121.27253175434954,-118.79920347469101,17.24872688348556,103
0.17715215682983398,0.004395889829284404,0.002664804458618164,0.0002907894756005401,0.001,5,8,2,100,"{'learning_rate': 0.001, 'max_depth': 5, 'min_samples_leaf': 8, 'min_samples_split': 2, 'n_estimators': 100}",-121.21914869180115,-86.62181327086567,-139.72807178017362,-117.21140794918891,-118.99837608985163,-116.7557635563762,17.093511251898516,91
0.3920435905456543,0.008157564161074294,0.003542804718017578,0.000393170225635255,0.001,5,8,2,200,"{'learning_rate': 0.001, 'max_depth': 5, 'min_samples_leaf': 8, 'min_samples_split': 2, 'n_estimators': 200}",-115.92897872218826,-84.12130931997808,-136.75802386277107,-114.21115934192413,-115.1945081690039,-113.2427958831731,16.810647896273018,77
0.1042210578918457,0.009132837726851506,0.002679300308227539,0.0005696566078960176,0.001,5,8,4,50,"{'learning_rate': 0.001, 'max_depth': 5, 'min_samples_leaf': 8, 'min_samples_split': 4, 'n_estimators': 50}",-124.21973151923906,-88.12710523351313,-141.41088331059396,-118.96576555575939,-121.27253175434954,-118.79920347469101,17.24872688348556,103
0.19427618980407715,0.020653657932255577,0.0027992725372314453,0.00020725906861237612,0.001,5,8,4,100,"{'learning_rate': 0.001, 'max_depth': 5, 'min_samples_leaf': 8, 'min_samples_split': 4, 'n_estimators': 100}",-121.21914869180115,-86.62181327086567,-139.72807178017362,-117.21140794918891,-118.99837608985163,-116.7557635563762,17.093511251898516,91
0.42247929573059084,0.01363481419167334,0.0031362056732177736,0.0002167681162342703,0.001,5,8,4,200,"{'learning_rate': 0.001, 'max_depth': 5, 'min_samples_leaf': 8, 'min_samples_split': 4, 'n_estimators': 200}",-115.92897872218826,-84.12130931997808,-136.75802386277107,-114.21115934192413,-115.1945081690039,-113.2427958831731,16.810647896273018,77
0.17850737571716307,0.020445585102334633,0.002698469161987305,0.00020629093124015086,0.001,10,4,2,50,"{'learning_rate': 0.001, 'max_depth': 10, 'min_samples_leaf': 4, 'min_samples_split': 2, 'n_estimators': 50}",-124.00285522945147,-88.05101376352735,-140.5575365214477,-119.19661456995804,-120.44945204087843,-118.4514944250526,17.018995076472404,97
0.31909570693969724,0.013432316368822316,0.004619216918945313,0.002291551585211868,0.001,10,4,2,100,"{'learning_rate': 0.001, 'max_depth': 10, 'min_samples_leaf': 4, 'min_samples_split': 2, 'n_estimators': 100}",-121.00736319146455,-86.41380506081136,-138.32688676194965,-117.62774720437825,-118.0686164142873,-116.2888837265782,16.765547741635167,85
0.6367075920104981,0.01530250998430339,0.005194234848022461,0.0028784880876228454,0.001,10,4,2,200,"{'learning_rate': 0.001, 'max_depth': 10, 'min_samples_leaf': 4, 'min_samples_split': 2, 'n_estimators': 200}",-115.9492757630223,-83.7383954535708,-134.62012518466364,-115.13691702473163,-114.26965276111432,-112.74287323742053,16.359812974497622,75
0.15268526077270508,0.014237697370750228,0.002777719497680664,0.00027245336094197436,0.001,10,4,4,50,"{'learning_rate': 0.001, 'max_depth': 10, 'min_samples_leaf': 4, 'min_samples_split': 4, 'n_estimators': 50}",-124.00285522945147,-88.05101376352735,-140.5575365214477,-119.19661456995804,-120.44945204087843,-118.4514944250526,17.018995076472404,97
0.36191716194152834,0.008013187576194434,0.004406595230102539,0.0014687845141935982,0.001,10,4,4,100,"{'learning_rate': 0.001, 'max_depth': 10, 'min_samples_leaf': 4, 'min_samples_split': 4, 'n_estimators': 100}",-121.00736319146455,-86.41380506081136,-138.32688676194965,-117.62774720437825,-118.0686164142873,-116.2888837265782,16.765547741635167,85
0.6134924411773681,0.036291095072759065,0.0035477638244628905,0.0005484839720005446,0.001,10,4,4,200,"{'learning_rate': 0.001, 'max_depth': 10, 'min_samples_leaf': 4, 'min_samples_split': 4, 'n_estimators': 200}",-115.9492757630223,-83.7383954535708,-134.62012518466364,-115.13691702473163,-114.26965276111432,-112.74287323742053,16.359812974497622,75
0.13321170806884766,0.010411876510501085,0.0025265693664550783,0.00035693952437307737,0.001,10,8,2,50,"{'learning_rate': 0.001, 'max_depth': 10, 'min_samples_leaf': 8, 'min_samples_split': 2, 'n_estimators': 50}",-124.21636542716018,-87.9110704350035,-141.22592277257002,-118.77711347633209,-121.14470819597452,-118.65503606140805,17.27297370989084,99
0.24035243988037108,0.006495660916931007,0.0031268119812011717,0.00044346095156279553,0.001,10,8,2,100,"{'learning_rate': 0.001, 'max_depth': 10, 'min_samples_leaf': 8, 'min_samples_split': 2, 'n_estimators': 100}",-121.23801670130317,-86.16725372618349,-139.39573289042397,-116.81340457066301,-118.64321846688719,-116.45152527109217,17.15470047647702,87
0.5572092056274414,0.007696843880452464,0.00401158332824707,0.0005337197520797891,0.001,10,8,2,200,"{'learning_rate': 0.001, 'max_depth': 10, 'min_samples_leaf': 8, 'min_samples_split': 2, 'n_estimators': 200}",-116.0732551337114,-83.1802730453408,-136.1056302846945,-113.4688301550055,-114.22996441954162,-112.61159060765877,16.93227373111828,73
0.14765944480895996,0.012729909359213086,0.002187967300415039,0.00016490880741958585,0.001,10,8,4,50,"{'learning_rate': 0.001, 'max_depth': 10, 'min_samples_leaf': 8, 'min_samples_split': 4, 'n_estimators': 50}",-124.21636542716018,-87.9110704350035,-141.22592277257002,-118.77711347633209,-121.14470819597452,-118.65503606140805,17.27297370989084,99
0.25823607444763186,0.01405690492716011,0.002634477615356445,0.0002563630802617648,0.001,10,8,4,100,"{'learning_rate': 0.001, 'max_depth': 10, 'min_samples_leaf': 8, 'min_samples_split': 4, 'n_estimators': 100}",-121.23801670130317,-86.16725372618349,-139.39573289042397,-116.81340457066301,-118.64321846688719,-116.45152527109217,17.15470047647702,87
0.5219537258148194,0.014331580127842894,0.004024028778076172,0.000869080793522697,0.001,10,8,4,200,"{'learning_rate': 0.001, 'max_depth': 10, 'min_samples_leaf': 8, 'min_samples_split': 4, 'n_estimators': 200}",-116.0732551337114,-83.1802730453408,-136.1056302846945,-113.4688301550055,-114.22996441954162,-112.61159060765877,16.93227373111828,73
0.06376385688781738,0.001502503360540729,0.0026027202606201173,0.00014549633997874918,0.01,3,4,2,50,"{'learning_rate': 0.01, 'max_depth': 3, 'min_samples_leaf': 4, 'min_samples_split': 2, 'n_estimators': 50}",-107.24586254413333,-80.79305780031564,-131.05172302864406,-113.99085331262603,-111.95339078061753,-109.00697749326733,16.239568747146983,71
0.1443352222442627,0.017748449103097516,0.0034015655517578127,0.0008516979538421419,0.01,3,4,2,100,"{'learning_rate': 0.01, 'max_depth': 3, 'min_samples_leaf': 4, 'min_samples_split': 2, 'n_estimators': 100}",-100.88620856168558,-75.86364826942574,-123.4502549737698,-110.94703260910029,-106.57281521548965,-103.54399192589422,15.706707661119028,59
0.2964935779571533,0.012672223200628925,0.0031461238861083983,0.00013534805817887608,0.01,3,4,2,200,"{'learning_rate': 0.01, 'max_depth': 3, 'min_samples_leaf': 4, 'min_samples_split': 2, 'n_estimators': 200}",-100.09678218388298,-73.26892115645586,-117.97684940402613,-108.10700837599164,-101.0922128969578,-100.10835480346289,14.863276001134048,39
0.07704663276672363,0.008705957557190521,0.0026844024658203127,0.00015987101954703225,0.01,3,4,4,50,"{'learning_rate': 0.01, 'max_depth': 3, 'min_samples_leaf': 4, 'min_samples_split': 4, 'n_estimators': 50}",-107.24586254413333,-80.79305780031564,-131.05172302864406,-113.99085331262603,-111.95339078061753,-109.00697749326733,16.239568747146983,71
0.13215904235839843,0.0014343842170642656,0.002711963653564453,0.00011954074556068013,0.01,3,4,4,100,"{'learning_rate': 0.01, 'max_depth': 3, 'min_samples_leaf': 4, 'min_samples_split': 4, 'n_estimators': 100}",-100.88620856168558,-75.86364826942574,-123.4502549737698,-110.94703260910029,-106.57281521548965,-103.54399192589422,15.706707661119028,59
0.25270886421203614,0.003584283178610231,0.0029108524322509766,0.0003516029201805331,0.01,3,4,4,200,"{'learning_rate': 0.01, 'max_depth': 3, 'min_samples_leaf': 4, 'min_samples_split': 4, 'n_estimators': 200}",-100.09678218388298,-73.26892115645586,-117.97684940402613,-108.10700837599164,-101.0922128969578,-100.10835480346289,14.863276001134048,39
0.06610374450683594,0.0016830911953007604,0.0023079395294189455,0.0002131742313919404,0.01,3,8,2,50,"{'learning_rate': 0.01, 'max_depth': 3, 'min_samples_leaf': 8, 'min_samples_split': 2, 'n_estimators': 50}",-106.85596109510816,-80.93718372453404,-132.24377934099428,-112.01631918030971,-108.99790361908981,-108.21022939200721,16.360753869642746,69
0.12997112274169922,0.0008214309264137889,0.002765178680419922,0.00013624198093276424,0.01,3,8,2,100,"{'learning_rate': 0.01, 'max_depth': 3, 'min_samples_leaf': 8, 'min_samples_split': 2, 'n_estimators': 100}",-100.74057026764312,-76.6937776793567,-124.44406286479168,-109.00128392714831,-102.1391177569647,-102.60376249918087,15.446305020120848,57
0.2529308795928955,0.004413536623200048,0.0031334400177001954,0.00012684949312546413,0.01,3,8,2,200,"{'learning_rate': 0.01, 'max_depth': 3, 'min_samples_leaf': 8, 'min_samples_split': 2, 'n_estimators': 200}",-97.6108354986534,-73.4163275204482,-118.2915578988145,-105.96312432433152,-96.29212112798594,-98.3147932740467,14.71114168765449,21
0.0656062126159668,0.0015860417222450466,0.002474689483642578,0.00030823495266987707,0.01,3,8,4,50,"{'learning_rate': 0.01, 'max_depth': 3, 'min_samples_leaf': 8, 'min_samples_split': 4, 'n_estimators': 50}",-106.85596109510816,-80.93718372453404,-132.24377934099428,-112.01631918030971,-108.99790361908981,-108.21022939200721,16.360753869642746,69
0.13203082084655762,0.0021493542867168283,0.0025443553924560545,0.0003060837144042732,0.01,3,8,4,100,"{'learning_rate': 0.01, 'max_depth': 3, 'min_samples_leaf': 8, 'min_samples_split': 4, 'n_estimators': 100}",-100.74057026764312,-76.6937776793567,-124.44406286479168,-109.00128392714831,-102.1391177569647,-102.60376249918087,15.446305020120848,57
0.30642099380493165,0.01953958385380655,0.0033324241638183595,0.00022067420929810188,0.01,3,8,4,200,"{'learning_rate': 0.01, 'max_depth': 3, 'min_samples_leaf': 8, 'min_samples_split': 4, 'n_estimators': 200}",-97.6108354986534,-73.4163275204482,-118.2915578988145,-105.96312432433152,-96.29212112798594,-98.3147932740467,14.71114168765449,21
0.11170916557312012,0.011404931319222005,0.002505588531494141,0.0002096607707916136,0.01,5,4,2,50,"{'learning_rate': 0.01, 'max_depth': 5, 'min_samples_leaf': 4, 'min_samples_split': 2, 'n_estimators': 50}",-108.42162058258775,-81.2481260189958,-127.27362000455558,-111.75327958453852,-108.70652486711286,-107.4806342115581,14.836108212113707,67
0.2203547477722168,0.01770145102567901,0.0028376102447509764,0.00023286675457349432,0.01,5,4,2,100,"{'learning_rate': 0.01, 'max_depth': 5, 'min_samples_leaf': 4, 'min_samples_split': 2, 'n_estimators': 100}",-100.51982872857008,-78.50458897139808,-122.17856711579952,-107.19179629868228,-102.29150950189164,-102.13725812326831,14.059483239985953,53
0.4069684028625488,0.018882072810659414,0.0038829803466796874,0.0007340161256756173,0.01,5,4,2,200,"{'learning_rate': 0.01, 'max_depth': 5, 'min_samples_leaf': 4, 'min_samples_split': 2, 'n_estimators': 200}",-101.97905981360832,-75.783100360519,-114.5645679796927,-105.32353661178078,-97.9050961246274,-99.11107217804565,12.89402378833251,31
0.09869041442871093,0.011064857451908194,0.00285491943359375,0.00013379362405380304,0.01,5,4,4,50,"{'learning_rate': 0.01, 'max_depth': 5, 'min_samples_leaf': 4, 'min_samples_split': 4, 'n_estimators': 50}",-108.42162058258775,-81.2481260189958,-127.27362000455558,-111.75327958453852,-108.70652486711286,-107.4806342115581,14.836108212113707,67
0.1838454246520996,0.00937825835603932,0.0028609752655029295,0.0002134160546118617,0.01,5,4,4,100,"{'learning_rate': 0.01, 'max_depth': 5, 'min_samples_leaf': 4, 'min_samples_split': 4, 'n_estimators': 100}",-100.51982872857008,-78.50458897139808,-122.17856711579952,-107.19179629868228,-102.29150950189164,-102.13725812326831,14.059483239985953,53
0.3533304214477539,0.003609836277876615,0.003816843032836914,0.0002748540008205693,0.01,5,4,4,200,"{'learning_rate': 0.01, 'max_depth': 5, 'min_samples_leaf': 4, 'min_samples_split': 4, 'n_estimators': 200}",-101.97905981360832,-75.783100360519,-114.5645679796927,-105.32353661178078,-97.9050961246274,-99.11107217804565,12.89402378833251,31
0.08651399612426758,0.0021214438384989046,0.002741575241088867,7.184466076871614e-05,0.01,5,8,2,50,"{'learning_rate': 0.01, 'max_depth': 5, 'min_samples_leaf': 8, 'min_samples_split': 2, 'n_estimators': 50}",-104.80007939049955,-80.61129824300478,-130.6571450922312,-108.1190875208589,-106.53901207117215,-106.14532446355331,15.866166899471912,63
0.19999446868896484,0.03827580166596595,0.004467630386352539,0.0019041851786854604,0.01,5,8,2,100,"{'learning_rate': 0.01, 'max_depth': 5, 'min_samples_leaf': 8, 'min_samples_split': 2, 'n_estimators': 100}",-97.33498296909791,-79.13770889290791,-124.51124498517932,-105.05686925008142,-99.14189435085916,-101.03654008962515,14.588178994418984,45
0.3848570346832275,0.005812165215873571,0.003549337387084961,0.00016929344314142543,0.01,5,8,2,200,"{'learning_rate': 0.01, 'max_depth': 5, 'min_samples_leaf': 8, 'min_samples_split': 2, 'n_estimators': 200}",-98.09972060825072,-80.4649116203996,-116.81104588509262,-101.76955803363967,-93.80460174068658,-98.18996757761384,11.772639567163111,19
0.10990924835205078,0.027943543863721627,0.002702951431274414,0.00014406899102491859,0.01,5,8,4,50,"{'learning_rate': 0.01, 'max_depth': 5, 'min_samples_leaf': 8, 'min_samples_split': 4, 'n_estimators': 50}",-104.80007939049955,-80.61129824300478,-130.6571450922312,-108.1190875208589,-106.53901207117215,-106.14532446355331,15.866166899471912,63
0.17586255073547363,0.001859225374020436,0.002948284149169922,8.119642160249012e-05,0.01,5,8,4,100,"{'learning_rate': 0.01, 'max_depth': 5, 'min_samples_leaf': 8, 'min_samples_split': 4, 'n_estimators': 100}",-97.33498296909791,-79.13770889290791,-124.51124498517932,-105.05686925008142,-99.14189435085916,-101.03654008962515,14.588178994418984,45
0.3604306221008301,0.013437509090964162,0.0053898334503173825,0.004122863001906405,0.01,5,8,4,200,"{'learning_rate': 0.01, 'max_depth': 5, 'min_samples_leaf': 8, 'min_samples_split': 4, 'n_estimators': 200}",-98.09972060825072,-80.4649116203996,-116.81104588509262,-101.76955803363967,-93.80460174068658,-98.18996757761384,11.772639567163111,19
0.15190987586975097,0.017447215698572348,0.0029811859130859375,0.00032009503421764456,0.01,10,4,2,50,"{'learning_rate': 0.01, 'max_depth': 10, 'min_samples_leaf': 4, 'min_samples_split': 2, 'n_estimators': 50}",-107.99398377729023,-78.77128895147119,-126.15845196247679,-110.73795529540793,-107.65677869139974,-106.26369173560917,15.340060831354437,65
0.36753034591674805,0.011343459941878688,0.0036676406860351564,0.0003874547774509776,0.01,10,4,2,100,"{'learning_rate': 0.01, 'max_depth': 10, 'min_samples_leaf': 4, 'min_samples_split': 2, 'n_estimators': 100}",-101.24689739025104,-76.64375359736562,-120.0427841218422,-107.09327922771442,-101.58979118645722,-101.3233011047261,14.091618868158276,47
0.6045105934143067,0.016525826693089763,0.004746437072753906,0.0001867393183209339,0.01,10,4,2,200,"{'learning_rate': 0.01, 'max_depth': 10, 'min_samples_leaf': 4, 'min_samples_split': 2, 'n_estimators': 200}",-97.95723463591735,-77.68370272189179,-114.64652785102037,-104.97811980656044,-99.94005191611139,-99.04112738630027,12.140007246810237,29
0.1439065933227539,0.005491640573823949,0.002889585494995117,0.0003515317267204949,0.01,10,4,4,50,"{'learning_rate': 0.01, 'max_depth': 10, 'min_samples_leaf': 4, 'min_samples_split': 4, 'n_estimators': 50}",-107.99398377729023,-78.77128895147119,-126.15845196247679,-110.73795529540793,-107.65677869139974,-106.26369173560917,15.340060831354437,65
0.2953657627105713,0.00571638728210966,0.003515481948852539,0.00043036116098793873,0.01,10,4,4,100,"{'learning_rate': 0.01, 'max_depth': 10, 'min_samples_leaf': 4, 'min_samples_split': 4, 'n_estimators': 100}",-101.24689739025104,-76.64375359736562,-120.0427841218422,-107.09327922771442,-101.58979118645722,-101.3233011047261,14.091618868158276,47
0.661038589477539,0.008597709957302288,0.005033969879150391,0.0009635021459168695,0.01,10,4,4,200,"{'learning_rate': 0.01, 'max_depth': 10, 'min_samples_leaf': 4, 'min_samples_split': 4, 'n_estimators': 200}",-97.95723463591735,-77.68370272189179,-114.64652785102037,-104.97811980656044,-99.94005191611139,-99.04112738630027,12.140007246810237,29
0.15777082443237306,0.024490378955061246,0.0029690742492675783,0.00040575324285946926,0.01,10,8,2,50,"{'learning_rate': 0.01, 'max_depth': 10, 'min_samples_leaf': 8, 'min_samples_split': 2, 'n_estimators': 50}",-105.52301564236242,-79.37110321116924,-129.70584597708378,-107.25848166335078,-104.83664492680875,-105.339018284155,15.950206761899697,61
0.2537750244140625,0.008348027354670282,0.003471994400024414,0.0004943915308898584,0.01,10,8,2,100,"{'learning_rate': 0.01, 'max_depth': 10, 'min_samples_leaf': 8, 'min_samples_split': 2, 'n_estimators': 100}",-99.04740650953642,-79.10057587886084,-123.24941268845623,-102.86129467495512,-97.47581554467435,-100.34690105929658,14.086769437796626,41
0.5576862812042236,0.048469401546870905,0.004314327239990234,0.000332434253583936,0.01,10,8,2,200,"{'learning_rate': 0.01, 'max_depth': 10, 'min_samples_leaf': 8, 'min_samples_split': 2, 'n_estimators': 200}",-99.76508315563288,-78.77684605238792,-118.0760954345272,-99.02667566506271,-93.53377004264428,-97.835694070051,12.621894191414128,15
0.13510866165161134,0.00946774013161703,0.0028902530670166016,0.000586619649832153,0.01,10,8,4,50,"{'learning_rate': 0.01, 'max_depth': 10, 'min_samples_leaf': 8, 'min_samples_split': 4, 'n_estimators': 50}",-105.52301564236242,-79.37110321116924,-129.70584597708378,-107.25848166335078,-104.83664492680875,-105.339018284155,15.950206761899697,61
0.25875124931335447,0.014095647124132764,0.0032190322875976563,0.00025012677554442527,0.01,10,8,4,100,"{'learning_rate': 0.01, 'max_depth': 10, 'min_samples_leaf': 8, 'min_samples_split': 4, 'n_estimators': 100}",-99.04740650953642,-79.10057587886084,-123.24941268845623,-102.86129467495512,-97.47581554467435,-100.34690105929658,14.086769437796626,41
0.5424713611602783,0.053252045414722525,0.004606866836547851,0.00030732317983994846,0.01,10,8,4,200,"{'learning_rate': 0.01, 'max_depth': 10, 'min_samples_leaf': 8, 'min_samples_split': 4, 'n_estimators': 200}",-99.76508315563288,-78.77684605238792,-118.0760954345272,-99.02667566506271,-93.53377004264428,-97.835694070051,12.621894191414128,15
0.06491551399230958,0.0016474022664056734,0.002470874786376953,0.00020380957282462465,0.1,3,4,2,50,"{'learning_rate': 0.1, 'max_depth': 3, 'min_samples_leaf': 4, 'min_samples_split': 2, 'n_estimators': 50}",-97.32436346334114,-71.45639000947031,-112.48993286203525,-107.63279171341638,-99.00034298014606,-97.58076420568183,14.197819828558943,11
0.13621654510498046,0.00658072965102521,0.0026720523834228515,0.00020491893655425034,0.1,3,4,2,100,"{'learning_rate': 0.1, 'max_depth': 3, 'min_samples_leaf': 4, 'min_samples_split': 2, 'n_estimators': 100}",-102.05604003192279,-74.17278498892064,-110.94062031729285,-106.37904894136418,-95.95282595198087,-97.90026404629626,12.852991376045123,17
0.26587719917297364,0.009498055946591945,0.003079795837402344,0.00030338666668418523,0.1,3,4,2,200,"{'learning_rate': 0.1, 'max_depth': 3, 'min_samples_leaf': 4, 'min_samples_split': 2, 'n_estimators': 200}",-106.00777768399911,-77.23756957931562,-111.68383859013578,-108.48236697659546,-95.12190161663038,-99.70669088933528,12.538340861124148,35
0.06702375411987305,0.0009437597366454273,0.002527809143066406,7.060935985122202e-05,0.1,3,4,4,50,"{'learning_rate': 0.1, 'max_depth': 3, 'min_samples_leaf': 4, 'min_samples_split': 4, 'n_estimators': 50}",-97.32436346334114,-71.45639000947031,-112.48993286203525,-107.63279171341638,-99.00034298014606,-97.58076420568183,14.197819828558943,11
0.13212265968322753,0.001020708766155013,0.0027547359466552736,0.00033131757529781804,0.1,3,4,4,100,"{'learning_rate': 0.1, 'max_depth': 3, 'min_samples_leaf': 4, 'min_samples_split': 4, 'n_estimators': 100}",-102.05604003192279,-74.17278498892064,-110.94062031729285,-106.37904894136418,-95.95282595198087,-97.90026404629626,12.852991376045123,17
0.29872961044311525,0.007590489435618559,0.0032183647155761717,0.00019378895598604398,0.1,3,4,4,200,"{'learning_rate': 0.1, 'max_depth': 3, 'min_samples_leaf': 4, 'min_samples_split': 4, 'n_estimators': 200}",-106.00777768399911,-77.23756957931562,-111.68383859013578,-108.48236697659546,-95.12190161663038,-99.70669088933528,12.538340861124148,35
0.08250250816345214,0.0056683903223719405,0.0027985572814941406,0.0006983173954977225,0.1,3,8,2,50,"{'learning_rate': 0.1, 'max_depth': 3, 'min_samples_leaf': 8, 'min_samples_split': 2, 'n_estimators': 50}",-94.21334678858678,-71.84330157641182,-115.13725225849463,-103.03358160469229,-91.45514697025459,-95.13652583968802,14.27845687429505,3
0.1450061798095703,0.009867908059506499,0.0029164791107177735,0.0004301040664107941,0.1,3,8,2,100,"{'learning_rate': 0.1, 'max_depth': 3, 'min_samples_leaf': 8, 'min_samples_split': 2, 'n_estimators': 100}",-93.31035475411032,-74.13568592884914,-114.834072851789,-101.38614848567053,-91.25483289514344,-94.98421898311248,13.3144498386416,1
0.2557234287261963,0.005128779915627038,0.003173494338989258,0.00017036175170610297,0.1,3,8,2,200,"{'learning_rate': 0.1, 'max_depth': 3, 'min_samples_leaf': 8, 'min_samples_split': 2, 'n_estimators': 200}",-96.34598280680225,-75.33516468403313,-114.99827697342884,-99.8979349037747,-91.28830874026096,-95.57313362165998,12.84190412060557,5
0.06680054664611816,0.0006521787490862072,0.002759838104248047,0.00026499435582071957,0.1,3,8,4,50,"{'learning_rate': 0.1, 'max_depth': 3, 'min_samples_leaf': 8, 'min_samples_split': 4, 'n_estimators': 50}",-94.21334678858678,-71.84330157641182,-115.13725225849463,-103.03358160469229,-91.45514697025459,-95.13652583968802,14.27845687429505,3
0.13595662117004395,0.0049253467442853215,0.0031501293182373048,0.00041237955935029,0.1,3,8,4,100,"{'learning_rate': 0.1, 'max_depth': 3, 'min_samples_leaf': 8, 'min_samples_split': 4, 'n_estimators': 100}",-93.31035475411032,-74.13568592884914,-114.834072851789,-101.38614848567053,-91.25483289514344,-94.98421898311248,13.3144498386416,1
0.3014118194580078,0.007828096918154148,0.0040053844451904295,0.001617763708435679,0.1,3,8,4,200,"{'learning_rate': 0.1, 'max_depth': 3, 'min_samples_leaf': 8, 'min_samples_split': 4, 'n_estimators': 200}",-96.34598280680225,-75.33516468403313,-114.99827697342884,-99.8979349037747,-91.28830874026096,-95.57313362165998,12.84190412060557,5
0.11721405982971192,0.010969239860273835,0.0035561561584472657,0.0011743709252662786,0.1,5,4,2,50,"{'learning_rate': 0.1, 'max_depth': 5, 'min_samples_leaf': 4, 'min_samples_split': 2, 'n_estimators': 50}",-103.61673441470751,-76.58231298494063,-112.70831807665154,-103.35245362935947,-96.02553750667911,-98.45707132246767,12.14991633080014,23
0.1933135509490967,0.0062819096415859645,0.003054904937744141,0.00012574742847417801,0.1,5,4,2,100,"{'learning_rate': 0.1, 'max_depth': 5, 'min_samples_leaf': 4, 'min_samples_split': 2, 'n_estimators': 100}",-104.50533667178996,-78.3769348049068,-112.72914752991089,-103.25118028570061,-94.60839463999318,-98.69419878646029,11.670477294073596,25
0.3597597599029541,0.0039456009249457386,0.0037358760833740234,0.0003875970657134159,0.1,5,4,2,200,"{'learning_rate': 0.1, 'max_depth': 5, 'min_samples_leaf': 4, 'min_samples_split': 2, 'n_estimators': 200}",-107.15449490030839,-79.71735060312913,-114.61750352374673,-103.61856423235196,-93.99030969693574,-99.8196445912944,12.044017746390345,37
0.09093384742736817,0.0013375870917792334,0.0025023937225341795,0.0002646750527147769,0.1,5,4,4,50,"{'learning_rate': 0.1, 'max_depth': 5, 'min_samples_leaf': 4, 'min_samples_split': 4, 'n_estimators': 50}",-103.61673441470751,-76.58231298494063,-112.70831807665154,-103.35245362935947,-96.02553750667911,-98.45707132246767,12.14991633080014,23
0.18650612831115723,0.00851793518882343,0.0030673980712890626,0.00012525175224378893,0.1,5,4,4,100,"{'learning_rate': 0.1, 'max_depth': 5, 'min_samples_leaf': 4, 'min_samples_split': 4, 'n_estimators': 100}",-104.50533667178996,-78.3769348049068,-112.72914752991089,-103.25118028570061,-94.60839463999318,-98.69419878646029,11.670477294073596,25
0.34669923782348633,0.009600458166404762,0.0034369945526123045,0.00033794083541554827,0.1,5,4,4,200,"{'learning_rate': 0.1, 'max_depth': 5, 'min_samples_leaf': 4, 'min_samples_split': 4, 'n_estimators': 200}",-107.15449490030839,-79.71735060312913,-114.61750352374673,-103.61856423235196,-93.99030969693574,-99.8196445912944,12.044017746390345,37
0.08713607788085938,0.003518129556385555,0.002677726745605469,7.293697805084665e-05,0.1,5,8,2,50,"{'learning_rate': 0.1, 'max_depth': 5, 'min_samples_leaf': 8, 'min_samples_split': 2, 'n_estimators': 50}",-96.12359137244087,-81.67559212928302,-115.14413764492713,-99.00016469636851,-91.47487543567523,-96.68367225573895,10.943880880232314,7
0.17285280227661132,0.002828198106105909,0.0028297901153564453,0.0002249785224577499,0.1,5,8,2,100,"{'learning_rate': 0.1, 'max_depth': 5, 'min_samples_leaf': 8, 'min_samples_split': 2, 'n_estimators': 100}",-97.88718094746558,-85.30398586909584,-117.25482484825498,-97.74451330272812,-90.3100871804597,-97.70011842960085,10.86922417407055,13
0.3489809513092041,0.007130184869616426,0.003673410415649414,0.0005018335745179149,0.1,5,8,2,200,"{'learning_rate': 0.1, 'max_depth': 5, 'min_samples_leaf': 8, 'min_samples_split': 2, 'n_estimators': 200}",-99.93616223265778,-87.60643399055594,-118.3237344229482,-99.33904930870698,-89.98005653854244,-99.03708729868228,10.821865969684296,27
0.08735332489013672,0.003108695668996978,0.0026711940765380858,0.0002802121459696575,0.1,5,8,4,50,"{'learning_rate': 0.1, 'max_depth': 5, 'min_samples_leaf': 8, 'min_samples_split': 4, 'n_estimators': 50}",-96.12359137244087,-81.67559212928302,-115.14413764492713,-99.00016469636851,-91.47487543567523,-96.68367225573895,10.943880880232314,7
0.19485206604003907,0.00899736015488891,0.003303861618041992,0.0004284295387435468,0.1,5,8,4,100,"{'learning_rate': 0.1, 'max_depth': 5, 'min_samples_leaf': 8, 'min_samples_split': 4, 'n_estimators': 100}",-97.88718094746558,-85.30398586909584,-117.25482484825498,-97.74451330272812,-90.3100871804597,-97.70011842960085,10.86922417407055,13
0.40274848937988283,0.0073798217199495504,0.003466176986694336,0.0002852009801731654,0.1,5,8,4,200,"{'learning_rate': 0.1, 'max_depth': 5, 'min_samples_leaf': 8, 'min_samples_split': 4, 'n_estimators': 200}",-99.93616223265778,-87.60643399055594,-118.3237344229482,-99.33904930870698,-89.98005653854244,-99.03708729868228,10.821865969684296,27
0.1694960117340088,0.009049418431863611,0.0029601573944091795,0.0003072432580311048,0.1,10,4,2,50,"{'learning_rate': 0.1, 'max_depth': 10, 'min_samples_leaf': 4, 'min_samples_split': 2, 'n_estimators': 50}",-104.40735740464902,-79.07541289495302,-113.9081601565127,-103.94684139927892,-102.2738162691322,-100.72231762490517,11.565804316594754,43
0.3010851860046387,0.0038896866421771455,0.0038828372955322264,0.0003507203718032352,0.1,10,4,2,100,"{'learning_rate': 0.1, 'max_depth': 10, 'min_samples_leaf': 4, 'min_samples_split': 2, 'n_estimators': 100}",-107.01143215284998,-79.69374153662949,-113.77320989457985,-104.27522760498654,-101.96097903727622,-101.34291804526441,11.52659090878972,51
0.5941431999206543,0.012466371511054328,0.004799032211303711,6.626502895630714e-05,0.1,10,4,2,200,"{'learning_rate': 0.1, 'max_depth': 10, 'min_samples_leaf': 4, 'min_samples_split': 2, 'n_estimators': 200}",-109.0199665929228,-81.08761135206329,-114.36206518213682,-105.1881130204002,-102.15899421522984,-102.36335007255057,11.392609998685227,55
0.1508486270904541,0.002744449604758576,0.003020191192626953,0.00046884967448456523,0.1,10,4,4,50,"{'learning_rate': 0.1, 'max_depth': 10, 'min_samples_leaf': 4, 'min_samples_split': 4, 'n_estimators': 50}",-104.40735740464902,-79.07541289495302,-113.9081601565127,-103.94684139927892,-102.2738162691322,-100.72231762490517,11.565804316594754,43
0.28364739418029783,0.009327516985687977,0.0033870220184326174,0.00010051580261515932,0.1,10,4,4,100,"{'learning_rate': 0.1, 'max_depth': 10, 'min_samples_leaf': 4, 'min_samples_split': 4, 'n_estimators': 100}",-107.01143215284998,-79.69374153662949,-113.77320989457985,-104.27522760498654,-101.96097903727622,-101.34291804526441,11.52659090878972,51
0.6781916141510009,0.01970099015888184,0.0068436145782470705,0.0016106462314246137,0.1,10,4,4,200,"{'learning_rate': 0.1, 'max_depth': 10, 'min_samples_leaf': 4, 'min_samples_split': 4, 'n_estimators': 200}",-109.0199665929228,-81.08761135206329,-114.36206518213682,-105.1881130204002,-102.15899421522984,-102.36335007255057,11.392609998685227,55
0.14680795669555663,0.019012668452166516,0.0029985904693603516,0.0004722626846605035,0.1,10,8,2,50,"{'learning_rate': 0.1, 'max_depth': 10, 'min_samples_leaf': 8, 'min_samples_split': 2, 'n_estimators': 50}",-101.14690927295501,-81.44345205409991,-113.54329700913854,-99.82657424992162,-91.05214837935902,-97.40247619309483,10.727909786209258,9
0.3490839958190918,0.024420647761950943,0.0041748046875,0.0003779853474397891,0.1,10,8,2,100,"{'learning_rate': 0.1, 'max_depth': 10, 'min_samples_leaf': 8, 'min_samples_split': 2, 'n_estimators': 100}",-104.90182591515489,-83.59348768886262,-116.52520738515767,-100.08110702220023,-91.92623240754378,-99.40557208378384,11.222384785673828,33
0.6732189655303955,0.04385254784402377,0.004730987548828125,0.0003986774541523508,0.1,10,8,2,200,"{'learning_rate': 0.1, 'max_depth': 10, 'min_samples_leaf': 8, 'min_samples_split': 2, 'n_estimators': 200}",-111.0834254080228,-85.32892725769925,-116.85488444463837,-100.74637673883879,-92.65513010179373,-101.33374879019857,11.556639534988305,49
0.17600564956665038,0.02417330247000681,0.0034926891326904296,0.000550055846421325,0.1,10,8,4,50,"{'learning_rate': 0.1, 'max_depth': 10, 'min_samples_leaf': 8, 'min_samples_split': 4, 'n_estimators': 50}",-101.14690927295501,-81.44345205409991,-113.54329700913854,-99.82657424992162,-91.05214837935902,-97.40247619309483,10.727909786209258,9
0.2799099922180176,0.007760731248408197,0.0035667896270751955,0.000679547682448478,0.1,10,8,4,100,"{'learning_rate': 0.1, 'max_depth': 10, 'min_samples_leaf': 8, 'min_samples_split': 4, 'n_estimators': 100}",-104.90182591515489,-83.59348768886262,-116.52520738515767,-100.08110702220023,-91.92623240754378,-99.40557208378384,11.222384785673828,33
0.5152443885803223,0.01160193806074817,0.003833150863647461,0.00047745082467910417,0.1,10,8,4,200,"{'learning_rate': 0.1, 'max_depth': 10, 'min_samples_leaf': 8, 'min_samples_split': 4, 'n_estimators': 200}",-111.0834254080228,-85.32892725769925,-116.85488444463837,-100.74637673883879,-92.65513010179373,-101.33374879019857,11.556639534988305,49
